FileName,AntiInterNet-1.0,AntiScout-1.0
5x2n_ag_A_B_ab_L_H.pdb,0.19606328010559082,0.4375177323818207
4ye4_ag_G_ab_L_H.pdb,0.2869700789451599,0.38528546690940857