FileName,AntiInterNet-1.0,AntiScout-1.0
4ye4_ag_G_ab_L_H.pdb,0.28675752878189087,0.3852538466453552
5x2n_ag_A_B_ab_L_H.pdb,0.19468821585178375,0.4369937777519226