FileName,AntiInterNet-1.0,AntiScout-1.0
5x2n_ag_A_B_ab_L_H.pdb,0.19606316089630127,0.43751779198646545
4ye4_ag_G_ab_L_H.pdb,0.2869696021080017,0.38528528809547424